year	age	n
1989	84	0
1990	84	0
1991	84	0
1992	84	0
1993	84	0
1994	84	0
1995	84	0
1996	84	0
1997	84	0
1998	84	0
1999	84	0
2000	84	0
2001	84	0
2002	84	0
2003	84	0
2004	84	0
2005	84	0
2006	84	0
2007	84	0
2008	84	0
2009	84	0
2010	84	0
2011	84	0
2012	84	0
2013	84	0
2014	84	0
2015	84	0
2016	84	0
2017	84	0
2018	84	0
2019	84	0
2020	84	0
2021	84	0
2022	84	0
1989	83	0
1990	83	0
1991	83	0
1992	83	0
1993	83	0
1994	83	0
1995	83	0
1996	83	0
1997	83	0
1998	83	0
1999	83	0
2000	83	0
2001	83	0
2002	83	0
2003	83	0
2004	83	0
2005	83	0
2006	83	0
2007	83	0
2008	83	0
2009	83	0
2010	83	0
2011	83	84
2012	83	0
2013	83	0
2014	83	0
2015	83	0
2016	83	0
2017	83	0
2018	83	0
2019	83	0
2020	83	0
2021	83	0
2022	83	0
1989	82	0
1990	82	0
1991	82	0
1992	82	0
1993	82	0
1994	82	0
1995	82	0
1996	82	0
1997	82	0
1998	82	0
1999	82	0
2000	82	0
2001	82	0
2002	82	0
2003	82	0
2004	82	0
2005	82	0
2006	82	0
2007	82	0
2008	82	0
2009	82	0
2010	82	0
2011	82	0
2012	82	0
2013	82	0
2014	82	0
2015	82	0
2016	82	0
2017	82	0
2018	82	0
2019	82	0
2020	82	0
2021	82	0
2022	82	128
1989	81	0
1990	81	0
1991	81	0
1992	81	0
1993	81	0
1994	81	0
1995	81	0
1996	81	98
1997	81	0
1998	81	0
1999	81	0
2000	81	0
2001	81	0
2002	81	0
2003	81	0
2004	81	0
2005	81	0
2006	81	0
2007	81	0
2008	81	0
2009	81	0
2010	81	0
2011	81	0
2012	81	0
2013	81	0
2014	81	0
2015	81	0
2016	81	0
2017	81	54
2018	81	0
2019	81	0
2020	81	0
2021	81	0
2022	81	0
1989	80	0
1990	80	0
1991	80	0
1992	80	0
1993	80	0
1994	80	0
1995	80	0
1996	80	0
1997	80	0
1998	80	0
1999	80	0
2000	80	0
2001	80	0
2002	80	0
2003	80	0
2004	80	0
2005	80	0
2006	80	0
2007	80	0
2008	80	67
2009	80	0
2010	80	0
2011	80	0
2012	80	0
2013	80	0
2014	80	0
2015	80	0
2016	80	0
2017	80	0
2018	80	0
2019	80	0
2020	80	0
2021	80	0
2022	80	0
1989	79	0
1990	79	0
1991	79	0
1992	79	0
1993	79	0
1994	79	0
1995	79	0
1996	79	0
1997	79	0
1998	79	64
1999	79	0
2000	79	0
2001	79	0
2002	79	0
2003	79	0
2004	79	0
2005	79	0
2006	79	0
2007	79	0
2008	79	0
2009	79	0
2010	79	0
2011	79	0
2012	79	0
2013	79	0
2014	79	0
2015	79	0
2016	79	0
2017	79	0
2018	79	0
2019	79	0
2020	79	0
2021	79	47
2022	79	0
1989	78	0
1990	78	0
1991	78	0
1992	78	0
1993	78	0
1994	78	0
1995	78	0
1996	78	0
1997	78	0
1998	78	0
1999	78	0
2000	78	0
2001	78	0
2002	78	0
2003	78	0
2004	78	0
2005	78	0
2006	78	0
2007	78	0
2008	78	0
2009	78	0
2010	78	0
2011	78	0
2012	78	0
2013	78	0
2014	78	0
2015	78	0
2016	78	0
2017	78	0
2018	78	0
2019	78	42
2020	78	42
2021	78	40
2022	78	84
1989	77	0
1990	77	0
1991	77	0
1992	77	0
1993	77	0
1994	77	61
1995	77	0
1996	77	0
1997	77	0
1998	77	0
1999	77	0
2000	77	0
2001	77	0
2002	77	0
2003	77	0
2004	77	0
2005	77	0
2006	77	0
2007	77	0
2008	77	0
2009	77	0
2010	77	0
2011	77	0
2012	77	0
2013	77	0
2014	77	0
2015	77	0
2016	77	0
2017	77	40
2018	77	0
2019	77	0
2020	77	76
2021	77	239
2022	77	39
1989	76	0
1990	76	0
1991	76	0
1992	76	0
1993	76	0
1994	76	0
1995	76	0
1996	76	0
1997	76	0
1998	76	0
1999	76	46
2000	76	0
2001	76	0
2002	76	0
2003	76	0
2004	76	0
2005	76	42
2006	76	0
2007	76	0
2008	76	0
2009	76	0
2010	76	42
2011	76	0
2012	76	0
2013	76	0
2014	76	0
2015	76	0
2016	76	0
2017	76	0
2018	76	0
2019	76	32
2020	76	107
2021	76	76
2022	76	37
1989	75	0
1990	75	0
1991	75	0
1992	75	0
1993	75	0
1994	75	0
1995	75	0
1996	75	0
1997	75	0
1998	75	0
1999	75	0
2000	75	0
2001	75	0
2002	75	0
2003	75	0
2004	75	0
2005	75	78.5
2006	75	0
2007	75	0
2008	75	0
2009	75	0
2010	75	0
2011	75	0
2012	75	0
2013	75	0
2014	75	0
2015	75	0
2016	75	0
2017	75	36
2018	75	0
2019	75	0
2020	75	32
2021	75	71
2022	75	29
1989	74	0
1990	74	0
1991	74	0
1992	74	0
1993	74	0
1994	74	0
1995	74	0
1996	74	0
1997	74	39
1998	74	0
1999	74	0
2000	74	0
2001	74	0
2002	74	0
2003	74	0
2004	74	36
2005	74	0
2006	74	0
2007	74	0
2008	74	0
2009	74	0
2010	74	0
2011	74	0
2012	74	0
2013	74	0
2014	74	32
2015	74	0
2016	74	0
2017	74	0
2018	74	0
2019	74	128
2020	74	103
2021	74	141
2022	74	153
1989	73	0
1990	73	0
1991	73	0
1992	73	0
1993	73	0
1994	73	0
1995	73	0
1996	73	0
1997	73	0
1998	73	0
1999	73	0
2000	73	0
2001	73	0
2002	73	0
2003	73	0
2004	73	0
2005	73	0
2006	73	0
2007	73	0
2008	73	0
2009	73	0
2010	73	0
2011	73	0
2012	73	0
2013	73	0
2014	73	0
2015	73	32
2016	73	0
2017	73	0
2018	73	0
2019	73	64
2020	73	27
2021	73	112
2022	73	141
1989	72	0
1990	72	0
1991	72	0
1992	72	0
1993	72	0
1994	72	0
1995	72	0
1996	72	0
1997	72	37
1998	72	0
1999	72	0
2000	72	0
2001	72	0
2002	72	0
2003	72	0
2004	72	0
2005	72	0
2006	72	0
2007	72	32
2008	72	0
2009	72	32
2010	72	0
2011	72	32
2012	72	0
2013	72	0
2014	72	30
2015	72	0
2016	72	29
2017	72	0
2018	72	0
2019	72	50
2020	72	107
2021	72	128
2022	72	266
1989	71	0
1990	71	0
1991	71	0
1992	71	0
1993	71	0
1994	71	35
1995	71	0
1996	71	0
1997	71	0
1998	71	0
1999	71	0
2000	71	0
2001	71	30
2002	71	0
2003	71	0
2004	71	0
2005	71	0
2006	71	29
2007	71	0
2008	71	30
2009	71	0
2010	71	0
2011	71	0
2012	71	0
2013	71	29
2014	71	0
2015	71	28
2016	71	87
2017	71	29
2018	71	98
2019	71	50
2020	71	98
2021	71	145
2022	71	329
1989	70	0
1990	70	0
1991	70	0
1992	70	32
1993	70	0
1994	70	0
1995	70	0
1996	70	0
1997	70	0
1998	70	0
1999	70	0
2000	70	0
2001	70	64
2002	70	0
2003	70	0
2004	70	0
2005	70	29
2006	70	0
2007	70	0
2008	70	0
2009	70	0
2010	70	0
2011	70	0
2012	70	0
2013	70	27
2014	70	0
2015	70	0
2016	70	0
2017	70	23
2018	70	70
2019	70	70
2020	70	88.5
2021	70	170
2022	70	181
1989	69	0
1990	69	0
1991	69	0
1992	69	0
1993	69	0
1994	69	0
1995	69	0
1996	69	0
1997	69	0
1998	69	0
1999	69	0
2000	69	0
2001	69	0
2002	69	0
2003	69	30
2004	69	0
2005	69	28
2006	69	0
2007	69	0
2008	69	0
2009	69	0
2010	69	0
2011	69	0
2012	69	0
2013	69	24
2014	69	24
2015	69	27
2016	69	0
2017	69	0
2018	69	116
2019	69	107
2020	69	166
2021	69	239
2022	69	314
1989	68	0
1990	68	0
1991	68	0
1992	68	0
1993	68	0
1994	68	0
1995	68	0
1996	68	0
1997	68	0
1998	68	0
1999	68	0
2000	68	29
2001	68	0
2002	68	0
2003	68	53
2004	68	0
2005	68	28
2006	68	27
2007	68	61
2008	68	0
2009	68	28
2010	68	0
2011	68	0
2012	68	0
2013	68	24
2014	68	0
2015	68	66
2016	68	22
2017	68	112
2018	68	81
2019	68	128
2020	68	157
2021	68	181
2022	68	405
1989	67	0
1990	67	0
1991	67	0
1992	67	0
1993	67	24
1994	67	24
1995	67	0
1996	67	24
1997	67	24
1998	67	24
1999	67	0
2000	67	27
2001	67	0
2002	67	0
2003	67	0
2004	67	0
2005	67	24
2006	67	0
2007	67	24
2008	67	27
2009	67	0
2010	67	23
2011	67	0
2012	67	0
2013	67	24
2014	67	0
2015	67	0
2016	67	40
2017	67	78.5
2018	67	61
2019	67	261
2020	67	294
2021	67	231
2022	67	239
1989	66	0
1990	66	0
1991	66	0
1992	66	0
1993	66	24
1994	66	0
1995	66	0
1996	66	0
1997	66	0
1998	66	0
1999	66	28
2000	66	0
2001	66	23
2002	66	0
2003	66	0
2004	66	24
2005	66	27
2006	66	24
2007	66	0
2008	66	24
2009	66	0
2010	66	0
2011	66	47
2012	66	23
2013	66	80
2014	66	19
2015	66	78.5
2016	66	57
2017	66	78.5
2018	66	120.5
2019	66	116
2020	66	231
2021	66	276
2022	66	608.5
1989	65	0
1990	65	0
1991	65	0
1992	65	22
1993	65	0
1994	65	0
1995	65	22
1996	65	0
1997	65	23
1998	65	0
1999	65	0
2000	65	47
2001	65	0
2002	65	0
2003	65	23
2004	65	24
2005	65	0
2006	65	0
2007	65	23
2008	65	22
2009	65	22
2010	65	42
2011	65	47
2012	65	61
2013	65	0
2014	65	17
2015	65	76
2016	65	96
2017	65	157
2018	65	231
2019	65	282
2020	65	301
2021	65	355
2022	65	608.5
1989	64	0
1990	64	0
1991	64	0
1992	64	0
1993	64	0
1994	64	22
1995	64	0
1996	64	23
1997	64	0
1998	64	22
1999	64	70
2000	64	0
2001	64	0
2002	64	0
2003	64	23
2004	64	22
2005	64	0
2006	64	46
2007	64	0
2008	64	0
2009	64	0
2010	64	22
2011	64	0
2012	64	56
2013	64	54
2014	64	54
2015	64	90
2016	64	90
2017	64	70
2018	64	231
2019	64	153
2020	64	261
2021	64	368
2022	64	608.5
1989	63	0
1990	63	0
1991	63	0
1992	63	0
1993	63	22
1994	63	22
1995	63	0
1996	63	0
1997	63	23
1998	63	0
1999	63	0
2000	63	0
2001	63	22
2002	63	0
2003	63	0
2004	63	46
2005	63	0
2006	63	21
2007	63	22
2008	63	22
2009	63	0
2010	63	17
2011	63	36
2012	63	76
2013	63	51
2014	63	70
2015	63	87
2016	63	120.5
2017	63	116
2018	63	141
2019	63	141
2020	63	282
2021	63	608.5
2022	63	340
1989	62	46
1990	62	46
1991	62	0
1992	62	22
1993	62	0
1994	62	0
1995	62	0
1996	62	0
1997	62	0
1998	62	0
1999	62	22
2000	62	21
2001	62	46
2002	62	0
2003	62	0
2004	62	64
2005	62	0
2006	62	42
2007	62	0
2008	62	22
2009	62	36
2010	62	53
2011	62	17
2012	62	17
2013	62	87
2014	62	17
2015	62	0
2016	62	96
2017	62	137
2018	62	172
2019	62	181
2020	62	234
2021	62	281
2022	62	608.5
1989	61	23
1990	61	23
1991	61	0
1992	61	0
1993	61	76
1994	61	23
1995	61	0
1996	61	0
1997	61	46
1998	61	23
1999	61	22
2000	61	0
2001	61	21
2002	61	0
2003	61	0
2004	61	0
2005	61	19
2006	61	40
2007	61	21
2008	61	32
2009	61	16
2010	61	17
2011	61	0
2012	61	32
2013	61	32
2014	61	96
2015	61	91
2016	61	128
2017	61	174
2018	61	141
2019	61	239
2020	61	398
2021	61	327
2022	61	608.5
1989	60	0
1990	60	0
1991	60	0
1992	60	0
1993	60	0
1994	60	0
1995	60	0
1996	60	21
1997	60	0
1998	60	78.5
1999	60	19
2000	60	0
2001	60	0
2002	60	40
2003	60	17
2004	60	0
2005	60	0
2006	60	22
2007	60	17
2008	60	17
2009	60	70
2010	60	64
2011	60	48
2012	60	16
2013	60	32
2014	60	15
2015	60	84
2016	60	87
2017	60	112
2018	60	348
2019	60	234
2020	60	608.5
2021	60	608.5
2022	60	608.5
1989	59	0
1990	59	0
1991	59	0
1992	59	22
1993	59	22
1994	59	64
1995	59	0
1996	59	0
1997	59	0
1998	59	0
1999	59	39
2000	59	40
2001	59	0
2002	59	0
2003	59	0
2004	59	19
2005	59	40
2006	59	32
2007	59	66
2008	59	32
2009	59	29
2010	59	32
2011	59	16
2012	59	90
2013	59	57
2014	59	54
2015	59	68.5
2016	59	133
2017	59	276
2018	59	239
2019	59	281
2020	59	701.5
2021	59	608.5
2022	59	608.5
1989	58	48
1990	58	48
1991	58	0
1992	58	0
1993	58	0
1994	58	22
1995	58	0
1996	58	0
1997	58	0
1998	58	40
1999	58	21
2000	58	96
2001	58	36
2002	58	56
2003	58	17
2004	58	61
2005	58	48
2006	58	96
2007	58	47
2008	58	14
2009	58	0
2010	58	30
2011	58	29
2012	58	28
2013	58	107
2014	58	78.5
2015	58	103
2016	58	177
2017	58	228
2018	58	98
2019	58	266
2020	58	405
2021	58	608.5
2022	58	608.5
1989	57	0
1990	57	0
1991	57	0
1992	57	0
1993	57	0
1994	57	21
1995	57	0
1996	57	39
1997	57	17
1998	57	0
1999	57	17
2000	57	54
2001	57	0
2002	57	17
2003	57	17
2004	57	16
2005	57	15
2006	57	96
2007	57	29
2008	57	29
2009	57	61
2010	57	29
2011	57	40
2012	57	51
2013	57	66
2014	57	50
2015	57	98
2016	57	271
2017	57	231
2018	57	271
2019	57	340
2020	57	608.5
2021	57	608.5
2022	57	393
1989	56	0
1990	56	0
1991	56	21
1992	56	0
1993	56	0
1994	56	0
1995	56	19
1996	56	61
1997	56	0
1998	56	37
1999	56	36
2000	56	0
2001	56	0
2002	56	56
2003	56	30
2004	56	76
2005	56	90
2006	56	128
2007	56	57
2008	56	29
2009	56	56
2010	56	27
2011	56	76
2012	56	64
2013	56	61
2014	56	76
2015	56	87
2016	56	168
2017	56	266
2018	56	306
2019	56	373
2020	56	397
2021	56	608.5
2022	56	608.5
1989	55	19
1990	55	19
1991	55	17
1995	55	36
1996	55	17
1997	55	17
1998	55	17
2000	55	36
2001	55	37
2002	55	46
2003	55	88.5
2004	55	88.5
2005	55	68.5
2006	55	57
2007	55	42
2008	55	42
2009	55	68.5
2010	55	24
2011	55	64
2012	55	61
2013	55	124.5
2014	55	61
2015	55	116
2016	55	124.5
2017	55	367
2018	55	179
2019	55	335
2020	55	608.5
2021	55	608.5
2022	55	608.5
1992	55	0
1993	55	0
1994	55	0
1999	55	0
1989	54	17
1990	54	17
1991	54	0
1992	54	17
1993	54	90
1994	54	0
1995	54	36
1996	54	17
1997	54	0
1998	54	0
1999	54	53
2000	54	36
2001	54	29
2002	54	71
2003	54	14
2004	54	27
2005	54	40
2006	54	177
2007	54	27
2008	54	24
2009	54	35
2010	54	11
2011	54	61
2012	54	96
2013	54	107
2014	54	32
2015	54	35
2016	54	239
2017	54	177
2018	54	314
2019	54	359
2020	54	608.5
2021	54	608.5
2022	54	608.5
1989	53	40
1990	53	40
1991	53	17
1992	53	0
1993	53	54
1994	53	0
1995	53	17
1996	53	32
1997	53	17
1998	53	35
1999	53	37
2000	53	61
2001	53	29
2002	53	61
2003	53	78.5
2004	53	80
2005	53	42
2006	53	78.5
2007	53	39
2008	53	133
2009	53	37
2010	53	22
2011	53	61
2012	53	70
2013	53	88.5
2014	53	96
2015	53	124.5
2016	53	164
2017	53	289
2018	53	96
2019	53	335
2020	53	608.5
2021	53	608.5
2022	53	608.5
1989	52	17
1990	52	17
1991	52	57
1994	52	17
1995	52	84
1997	52	17
1998	52	36
1999	52	29
2000	52	70
2001	52	145
2002	52	39
2003	52	13
2004	52	28
2005	52	78.5
2006	52	128
2007	52	61
2008	52	50
2009	52	47
2010	52	32
2011	52	78.5
2012	52	54
2013	52	80
2014	52	47
2015	52	87
2016	52	177
2017	52	164
2018	52	231
2019	52	363
2020	52	608.5
2021	52	608.5
2022	52	608.5
1992	52	0
1993	52	0
1996	52	0
1989	51	37
1990	51	37
1991	51	54
1992	51	0
1993	51	53
1994	51	17
1995	51	32
1996	51	17
1997	51	0
1998	51	88.5
1999	51	42
2000	51	54
2001	51	76
2002	51	91
2003	51	39
2004	51	37
2005	51	64
2006	51	78.5
2007	51	47
2008	51	42
2009	51	54
2010	51	42
2011	51	64
2012	51	90
2013	51	47
2014	51	87
2015	51	87
2016	51	128
2017	51	266
2018	51	276
2019	51	181
2020	51	373
2021	51	327
2022	51	281
1989	50	35
1990	50	35
1991	50	35
1993	50	16
1994	50	16
1995	50	66
1996	50	32
1998	50	13
1999	50	64
2000	50	98
2001	50	90
2002	50	39
2003	50	13
2004	50	76
2005	50	120.5
2006	50	112
2007	50	96
2008	50	78.5
2009	50	23
2011	50	22
2012	50	96
2013	50	61
2014	50	64
2015	50	64
2016	50	170
2017	50	177
2018	50	177
2019	50	281
2020	50	388
2021	50	393
2022	50	321
1992	50	16
1997	50	13
2010	50	0
1989	49	48
1990	49	48
1992	49	30
1993	49	32
1994	49	16
1995	49	32
1996	49	81
1997	49	54
1998	49	40
1999	49	64
2000	49	88.5
2001	49	39
2002	49	50
2003	49	61
2004	49	78.5
2005	49	133
2006	49	157
2007	49	76
2008	49	116
2009	49	51
2010	49	42
2012	49	61
2013	49	76
2014	49	98
2015	49	96
2016	49	179
2017	49	116
2018	49	231
2019	49	308
2020	49	384
2021	49	359
2022	49	373
1991	49	0
2011	49	0
1989	48	37
1990	48	37
1991	48	0
1992	48	17
1993	48	76
1994	48	96
1995	48	42
1996	48	42
1997	48	57
1998	48	39
1999	48	153
2000	48	90
2001	48	37
2002	48	112
2003	48	42
2004	48	80
2005	48	98
2006	48	157
2007	48	77
2008	48	40
2009	48	42
2010	48	46
2011	48	71
2012	48	61
2013	48	76
2014	48	27
2015	48	98
2016	48	145
2017	48	271
2018	48	124.5
2019	48	239
2020	48	348
2021	48	608.5
2022	48	181
1989	47	32
1990	47	32
1992	47	50
1993	47	166
1994	47	40
1995	47	66
1996	47	54
1997	47	128
1998	47	61
1999	47	61
2000	47	87
2001	47	84
2002	47	66
2003	47	128
2004	47	54
2005	47	87
2006	47	77
2007	47	80
2008	47	42
2009	47	68.5
2010	47	23
2011	47	61
2012	47	87
2013	47	39
2014	47	96
2015	47	81
2016	47	153
2017	47	271
2018	47	157
2019	47	281
2020	47	340
2021	47	335
2022	47	340
1991	47	32
1989	46	17
1990	46	17
1992	46	54
1993	46	42
1994	46	42
1995	46	28
1996	46	39
1997	46	107
1998	46	78.5
1999	46	78.5
2000	46	71
2001	46	42
2002	46	91
2003	46	76
2004	46	64
2005	46	42
2006	46	133
2007	46	112
2008	46	46
2009	46	81
2010	46	36
2011	46	48
2012	46	53
2013	46	68.5
2014	46	54
2015	46	71
2016	46	157
2017	46	228
2018	46	159
2019	46	166
2020	46	179
2021	46	228
2022	46	228
1991	46	0
1989	45	16
1990	45	16
1991	45	51
1992	45	54
1993	45	120.5
1994	45	78.5
1995	45	76
1996	45	61
1997	45	23
1998	45	48
1999	45	153
2000	45	112
2001	45	67
2002	45	87
2003	45	53
2004	45	87
2005	45	70
2006	45	157
2007	45	78.5
2008	45	36
2009	45	76
2010	45	87
2011	45	66
2012	45	81
2013	45	128
2014	45	14
2015	45	91
2016	45	172
2017	45	157
2018	45	181
2019	45	120.5
2020	45	296
2021	45	234
2022	45	153
1989	44	81
1990	44	81
1991	44	13
1992	44	24
1993	44	88.5
1994	44	84
1995	44	84
1996	44	48
1997	44	61
1998	44	78.5
1999	44	133
2000	44	66
2001	44	87
2002	44	51
2003	44	87
2004	44	50
2005	44	96
2006	44	116
2007	44	61
2008	44	47
2009	44	47
2010	44	37
2011	44	39
2012	44	39
2013	44	42
2014	44	64
2015	44	64
2016	44	141
2017	44	225
2018	44	161
2019	44	96
2020	44	128
2021	44	141
2022	44	145
1989	43	68.5
1990	43	68.5
1991	43	80
1992	43	133
1993	43	98
1994	43	61
1995	43	61
1996	43	61
1997	43	67
1998	43	64
1999	43	157
2000	43	128
2001	43	116
2002	43	76
2003	43	47
2004	43	61
2005	43	76
2006	43	88.5
2007	43	57
2008	43	57
2009	43	128
2010	43	66
2011	43	96
2012	43	70
2013	43	76
2014	43	24
2015	43	13
2016	43	61
2017	43	168
2018	43	78.5
2019	43	32
2020	43	78.5
2021	43	172
2022	43	164
1989	42	27
1990	42	27
1991	42	78.5
1992	42	48
1993	42	71
1994	42	61
1995	42	164
1996	42	77
1997	42	76
1998	42	42
1999	42	39
2000	42	103
2001	42	40
2002	42	37
2003	42	40
2004	42	42
2005	42	98
2006	42	153
2007	42	56
2008	42	36
2009	42	53
2010	42	39
2011	42	112
2012	42	50
2013	42	37
2014	42	39
2015	42	61
2016	42	96
2017	42	91
2018	42	96
2019	42	128
2020	42	166
2021	42	155
2022	42	120.5
1989	41	53
1990	41	53
1991	41	36
1992	41	61
1993	41	120.5
1994	41	61
1995	41	78.5
1996	41	42
1997	41	137
1998	41	64
1999	41	76
2000	41	107
2001	41	47
2002	41	70
2003	41	84
2004	41	54
2005	41	42
2006	41	157
2007	41	24
2008	41	120.5
2009	41	112
2010	41	39
2011	41	87
2012	41	11
2013	41	54
2014	41	29
2015	41	30
2016	41	61
2017	41	77
2018	41	107
2019	41	30
2020	41	157
2021	41	98
2022	41	157
1989	40	61
1990	40	61
1991	40	46
1992	40	42
1993	40	116
1994	40	76
1995	40	39
1996	40	80
1997	40	76
1998	40	56
1999	40	91
2000	40	28
2001	40	61
2002	40	107
2003	40	42
2004	40	32
2005	40	32
2006	40	137
2007	40	64
2008	40	27
2009	40	81
2010	40	50
2011	40	24
2012	40	13
2013	40	29
2014	40	46
2015	40	15
2016	40	77
2017	40	90
2018	40	46
2019	40	15
2020	40	128
2021	40	76
2022	40	157
1989	39	64
1990	39	64
1991	39	32
1992	39	32
1993	39	124.5
1994	39	47
1995	39	78.5
1996	39	66
1997	39	66
1998	39	107
1999	39	28
2000	39	39
2001	39	51
2002	39	42
2003	39	54
2004	39	22
2005	39	47
2006	39	76
2007	39	53
2008	39	39
2009	39	50
2010	39	36
2011	39	78.5
2012	39	29
2013	39	0
2014	39	61
2015	39	15
2016	39	76
2017	39	61
2018	39	76
2019	39	54
2020	39	107
2021	39	161
2022	39	124.5
1989	38	116
1990	38	116
1991	38	61
1992	38	32
1993	38	141
1994	38	66
1995	38	64
1996	38	10
1997	38	30
1998	38	70
1999	38	40
2000	38	61
2001	38	84
2002	38	42
2003	38	32
2004	38	47
2005	38	76
2006	38	78.5
2007	38	39
2008	38	24
2009	38	48
2010	38	24
2011	38	42
2014	38	29
2016	38	29
2017	38	14
2018	38	39
2019	38	61
2020	38	61
2021	38	120.5
2022	38	177
2012	38	15
2013	38	61
2015	38	14
1989	37	107
1990	37	107
1991	37	54
1992	37	39
1993	37	91
1994	37	61
1995	37	19
1996	37	29
1997	37	37
1998	37	19
1999	37	29
2000	37	76
2001	37	54
2002	37	53
2003	37	120.5
2004	37	87
2005	37	24
2006	37	145
2007	37	76
2008	37	76
2009	37	39
2010	37	14
2011	37	29
2014	37	29
2015	37	42
2016	37	70
2017	37	24
2018	37	120.5
2019	37	29
2020	37	153
2021	37	76
2022	37	231
2012	37	0
2013	37	0
1989	36	22
1990	36	22
1991	36	76
1992	36	96
1993	36	141
1994	36	39
1995	36	70
1996	36	61
1997	36	61
1998	36	88.5
1999	36	40
2000	36	84
2001	36	84
2002	36	91
2003	36	87
2004	36	50
2005	36	24
2006	36	76
2007	36	23
2008	36	24
2009	36	14
2010	36	0
2011	36	0
2012	36	0
2013	36	29
2014	36	14
2015	36	14
2016	36	50
2017	36	29
2018	36	0
2019	36	42
2020	36	177
2021	36	70
2022	36	225
1989	35	70
1990	35	70
1991	35	19
1992	35	47
1993	35	47
1994	35	54
1995	35	17
1996	35	56
1997	35	76
1998	35	37
1999	35	77
2000	35	80
2001	35	56
2002	35	71
2003	35	36
2004	35	24
2005	35	35
2006	35	107
2008	35	66
2016	35	70
2019	35	76
2020	35	96
2021	35	81
2022	35	183
2007	35	11
2009	35	14
2010	35	0
2011	35	14
2012	35	14
2013	35	14
2014	35	42
2015	35	11
2017	35	29
2018	35	0
1989	34	17
1990	34	17
1991	34	17
1992	34	37
1993	34	28
1994	34	91
1995	34	37
1996	34	17
1997	34	19
1998	34	30
1999	34	54
2000	34	32
2001	34	11
2002	34	61
2003	34	50
2004	34	22
2005	34	46
2006	34	98
2007	34	13
2008	34	29
2009	34	29
2010	34	14
2012	34	29
2013	34	40
2014	34	37
2016	34	70
2017	34	14
2018	34	29
2019	34	53
2020	34	54
2021	34	39
2022	34	128
2011	34	0
2015	34	0
1989	33	70
1990	33	70
1991	33	50
1992	33	29
1993	33	37
1994	33	78.5
1995	33	48
1996	33	61
1997	33	40
1998	33	76
1999	33	54
2000	33	70
2002	33	61
2003	33	46
2004	33	32
2005	33	0
2006	33	66
2008	33	29
2009	33	61
2012	33	0
2013	33	11
2014	33	0
2016	33	54
2018	33	27
2019	33	40
2020	33	120.5
2021	33	88.5
2022	33	145
2001	33	35
2007	33	14
2010	33	14
2011	33	14
2015	33	29
2017	33	57
1989	32	67
1990	32	67
1991	32	47
1992	32	17
1993	32	116
1994	32	29
1995	32	29
1996	32	30
1998	32	64
1999	32	56
2000	32	68.5
2002	32	42
2005	32	77
2006	32	28
2009	32	13
2016	32	28
2017	32	24
2018	32	66
2019	32	90
2020	32	37
2021	32	57
2022	32	98
1997	32	0
2001	32	23
2003	32	11
2004	32	23
2007	32	14
2008	32	14
2010	32	14
2011	32	13
2012	32	24
2013	32	27
2014	32	13
2015	32	0
1989	31	37
1990	31	37
1991	31	37
1992	31	17
1993	31	76
1994	31	78.5
1995	31	19
1996	31	10
1997	31	21
1998	31	42
1999	31	67
2000	31	32
2001	31	42
2002	31	10
2003	31	23
2004	31	76
2006	31	12
2007	31	3
2009	31	8
2010	31	0
2011	31	0
2012	31	27
2013	31	0
2014	31	39
2015	31	0
2016	31	24
2017	31	3
2018	31	64
2019	31	24
2020	31	54
2021	31	76
2022	31	120.5
2005	31	0
2008	31	0
1989	30	27
1990	30	27
1991	30	28
1992	30	54
1993	30	17
1994	30	9
1995	30	19
1996	30	29
1997	30	10
1998	30	53
1999	30	22
2000	30	21
2001	30	21
2003	30	36
2004	30	27
2006	30	0
2007	30	0
2009	30	13
2011	30	27
2012	30	0
2014	30	0
2016	30	24
2017	30	11
2018	30	61
2019	30	0
2020	30	81
2021	30	54
2022	30	96
2002	30	22
2005	30	13
2008	30	27
2010	30	0
2013	30	27
2015	30	11
1989	29	68.5
1990	29	68.5
1992	29	27
1998	29	66
2018	29	76
2020	29	39
2021	29	53
2022	29	120.5
1991	29	8
1993	29	27
1994	29	29
1995	29	9
1996	29	32
1997	29	32
1999	29	42
2000	29	32
2001	29	32
2002	29	36
2003	29	0
2004	29	0
2005	29	0
2006	29	13
2007	29	14
2008	29	0
2009	29	0
2010	29	0
2011	29	24
2012	29	27
2013	29	13
2014	29	0
2015	29	0
2016	29	11
2017	29	23
2019	29	19
1989	28	29
1990	28	29
1991	28	30
1992	28	19
1993	28	32
1994	28	32
1995	28	32
1996	28	0
1997	28	35
1998	28	54
1999	28	21
2000	28	64
2001	28	32
2003	28	24
2008	28	22
2010	28	24
2014	28	24
2016	28	70
2017	28	64
2018	28	29
2019	28	19
2020	28	50
2021	28	51
2022	28	87
2002	28	0
2004	28	13
2005	28	13
2006	28	13
2007	28	13
2009	28	11
2011	28	0
2012	28	0
2013	28	11
2015	28	11
1989	27	9
1990	27	9
1991	27	48
1992	27	50
1993	27	70
1994	27	22
1995	27	0
1996	27	22
1997	27	42
1998	27	30
1999	27	40
2000	27	22
2001	27	11
2003	27	0
2004	27	11
2008	27	36
2010	27	0
2014	27	11
2016	27	0
2017	27	19
2018	27	29
2019	27	0
2020	27	87
2021	27	96
2022	27	116
2002	27	24
2005	27	11
2006	27	11
2007	27	11
2009	27	11
2011	27	0
2012	27	11
2013	27	11
2015	27	22
1991	26	19
1992	26	30
1993	26	0
1999	26	32
2020	26	9
2021	26	32
2022	26	87
1989	26	47
1990	26	47
1994	26	32
1995	26	61
1996	26	10
1997	26	21
1998	26	10
2000	26	11
2001	26	0
2002	26	11
2003	26	23
2004	26	0
2005	26	11
2006	26	0
2007	26	22
2008	26	0
2009	26	24
2010	26	11
2011	26	0
2012	26	11
2013	26	11
2014	26	11
2015	26	21
2016	26	17
2017	26	37
2018	26	9
2019	26	37
1989	25	39
1990	25	39
1991	25	30
1992	25	42
1993	25	42
1995	25	40
1999	25	32
2000	25	47
2009	25	37
2016	25	29
2019	25	19
2020	25	64
2021	25	48
2022	25	61
1994	25	0
1996	25	9
1997	25	10
1998	25	10
2001	25	0
2002	25	0
2003	25	0
2004	25	11
2005	25	0
2006	25	10
2007	25	11
2008	25	11
2010	25	0
2011	25	0
2012	25	0
2013	25	0
2014	25	10
2015	25	9
2017	25	0
2018	25	9
1989	24	19
1990	24	19
1991	24	32
1992	24	21
1993	24	32
1994	24	61
1995	24	29
1999	24	32
2000	24	23
2009	24	22
2016	24	9
2019	24	0
2020	24	57
2021	24	24
2022	24	61
1996	24	19
1997	24	0
1998	24	11
2001	24	11
2002	24	0
2003	24	0
2004	24	19
2005	24	0
2006	24	0
2007	24	11
2008	24	0
2010	24	0
2011	24	0
2012	24	11
2013	24	0
2014	24	0
2015	24	9
2017	24	0
2018	24	9
1993	23	10
1994	23	29
2020	23	11
2021	23	61
2022	23	103
1989	23	42
1990	23	42
1991	23	32
1992	23	10
1995	23	19
1996	23	21
1997	23	0
1998	23	11
1999	23	0
2000	23	11
2001	23	0
2002	23	0
2003	23	0
2004	23	0
2005	23	11
2006	23	22
2007	23	0
2008	23	0
2009	23	0
2010	23	0
2011	23	0
2012	23	10
2013	23	9
2014	23	0
2015	23	9
2016	23	9
2017	23	0
2018	23	0
2019	23	11
1989	22	21
1990	22	21
1991	22	32
1994	22	17
1997	22	22
2020	22	61
2021	22	116
2022	22	24
1992	22	10
1993	22	17
1995	22	0
1996	22	10
1998	22	0
1999	22	0
2000	22	0
2001	22	0
2002	22	0
2003	22	0
2004	22	0
2005	22	0
2006	22	11
2007	22	0
2008	22	0
2009	22	0
2010	22	0
2011	22	10
2012	22	0
2013	22	9
2014	22	0
2015	22	0
2016	22	0
2017	22	0
2018	22	11
2019	22	11
1989	21	19
1990	21	19
1991	21	0
1993	21	64
1994	21	9
1996	21	0
1997	21	11
2006	21	10
2011	21	9
2018	21	11
2019	21	37
2020	21	120.5
2021	21	76
2022	21	24
1999	21	11
2001	21	9
2007	21	11
2008	21	11
2009	21	10
2016	21	10
2017	21	23
1992	21	0
1995	21	0
1998	21	0
2000	21	0
2002	21	0
2003	21	0
2004	21	0
2005	21	0
2010	21	0
2012	21	0
2013	21	0
2014	21	0
2015	21	0
1992	20	8
1993	20	9
2020	20	0
2021	20	37
1989	20	17
1990	20	17
1991	20	17
1994	20	9
1995	20	9
1996	20	0
1997	20	0
1998	20	10
1999	20	0
2000	20	0
2001	20	17
2002	20	10
2003	20	0
2004	20	0
2005	20	0
2006	20	0
2007	20	21
2008	20	0
2009	20	0
2010	20	9
2011	20	0
2012	20	0
2013	20	0
2014	20	9
2015	20	0
2016	20	0
2017	20	23
2018	20	0
2019	20	13
2022	20	29
2020	19	40
2021	19	71
2022	19	16
1989	19	0
1990	19	0
1991	19	0
1992	19	17
1993	19	0
1994	19	0
1995	19	0
1996	19	0
1997	19	0
1998	19	0
1999	19	0
2000	19	0
2001	19	0
2002	19	9
2003	19	0
2004	19	9
2005	19	0
2006	19	0
2007	19	0
2008	19	0
2009	19	9
2010	19	0
2011	19	9
2012	19	0
2013	19	9
2014	19	10
2015	19	0
2016	19	11
2017	19	0
2018	19	11
2019	19	0
1992	18	0
2002	18	0
2004	18	0
2009	18	0
2011	18	0
2013	18	0
2014	18	0
2016	18	0
2018	18	0
2020	18	64
2021	18	40
2022	18	28
1989	18	16
1990	18	16
1993	18	9
1994	18	9
2006	18	8
2008	18	8
2017	18	11
1991	18	0
1995	18	0
1996	18	0
1997	18	0
1998	18	0
1999	18	0
2000	18	0
2001	18	0
2003	18	0
2005	18	0
2007	18	0
2010	18	0
2012	18	0
2015	18	0
2019	18	0
2020	17	0
2021	17	0
1989	17	8
1990	17	8
1991	17	0
1992	17	0
1993	17	0
1994	17	0
1995	17	0
1996	17	0
1997	17	8
1998	17	0
1999	17	0
2000	17	0
2001	17	0
2002	17	0
2003	17	0
2004	17	0
2005	17	0
2006	17	0
2007	17	0
2008	17	0
2009	17	0
2010	17	0
2011	17	8
2012	17	0
2013	17	0
2014	17	0
2015	17	0
2016	17	0
2017	17	0
2018	17	0
2019	17	11
2022	17	11
1989	16	8
1990	16	8
1991	16	0
1992	16	8
1993	16	8
1994	16	0
1995	16	0
1996	16	0
1997	16	0
1998	16	0
1999	16	0
2000	16	0
2001	16	0
2002	16	0
2003	16	0
2004	16	0
2005	16	0
2006	16	0
2007	16	0
2008	16	0
2009	16	0
2010	16	0
2011	16	0
2012	16	0
2013	16	0
2014	16	0
2015	16	0
2016	16	0
2017	16	0
2018	16	0
2019	16	0
2020	16	11
2021	16	0
2022	16	24
1989	15	0
1990	15	0
1992	15	0
1993	15	0
2020	15	0
2022	15	0
1991	15	0
1994	15	0
1995	15	0
1996	15	0
1997	15	0
1998	15	0
1999	15	0
2000	15	0
2001	15	0
2002	15	0
2003	15	0
2004	15	0
2005	15	0
2006	15	0
2007	15	0
2008	15	0
2009	15	0
2010	15	0
2011	15	0
2012	15	0
2013	15	0
2014	15	0
2015	15	0
2016	15	0
2017	15	0
2018	15	0
2019	15	0
2021	15	0
1989	14	0
1990	14	0
1991	14	0
1992	14	0
1993	14	0
1994	14	0
1995	14	0
1996	14	0
1997	14	0
1998	14	0
1999	14	0
2000	14	0
2001	14	0
2002	14	0
2003	14	0
2004	14	0
2005	14	0
2006	14	0
2007	14	0
2008	14	0
2009	14	0
2010	14	0
2011	14	0
2012	14	0
2013	14	0
2014	14	0
2015	14	0
2016	14	0
2017	14	0
2018	14	0
2019	14	0
2020	14	0
2021	14	0
2022	14	0
1989	13	0
1990	13	0
1991	13	0
1992	13	0
1993	13	0
1994	13	0
1995	13	0
1996	13	0
1997	13	0
1998	13	0
1999	13	0
2000	13	0
2001	13	0
2002	13	0
2003	13	0
2004	13	0
2005	13	0
2006	13	0
2007	13	0
2008	13	0
2009	13	0
2010	13	0
2011	13	0
2012	13	0
2013	13	0
2014	13	0
2015	13	0
2016	13	0
2017	13	0
2018	13	0
2019	13	0
2020	13	0
2021	13	0
2022	13	0
1989	12	0
1990	12	0
1991	12	0
1992	12	0
1993	12	0
1994	12	0
1995	12	0
1996	12	0
1997	12	0
1998	12	0
1999	12	0
2000	12	0
2001	12	0
2002	12	0
2003	12	0
2004	12	0
2005	12	0
2006	12	0
2007	12	0
2008	12	0
2009	12	0
2010	12	0
2011	12	0
2012	12	0
2013	12	0
2014	12	0
2015	12	0
2016	12	0
2017	12	0
2018	12	0
2019	12	0
2020	12	0
2021	12	0
2022	12	0
1989	11	0
1990	11	0
1991	11	0
1992	11	0
1993	11	0
1994	11	0
1995	11	0
1996	11	0
1997	11	8
1998	11	0
1999	11	0
2000	11	0
2001	11	0
2002	11	0
2003	11	0
2004	11	0
2005	11	0
2006	11	0
2007	11	0
2008	11	0
2009	11	0
2010	11	0
2011	11	0
2012	11	0
2013	11	0
2014	11	0
2015	11	0
2016	11	0
2017	11	0
2018	11	0
2019	11	0
2020	11	0
2021	11	0
2022	11	0
1989	10	0
1990	10	0
1991	10	0
1992	10	0
1993	10	0
1994	10	0
1995	10	0
1996	10	0
1997	10	0
1998	10	0
1999	10	0
2000	10	0
2001	10	0
2002	10	0
2003	10	0
2004	10	0
2005	10	0
2006	10	0
2007	10	0
2008	10	0
2009	10	0
2010	10	0
2011	10	0
2012	10	0
2013	10	0
2014	10	0
2015	10	0
2016	10	0
2017	10	0
2018	10	0
2019	10	0
2020	10	0
2021	10	0
2022	10	0
1989	9	0
1990	9	0
1991	9	0
1992	9	0
1993	9	0
1994	9	0
1995	9	0
1996	9	0
1997	9	0
1998	9	0
1999	9	0
2000	9	0
2001	9	0
2002	9	0
2003	9	0
2004	9	0
2005	9	0
2006	9	0
2007	9	0
2008	9	0
2009	9	0
2010	9	0
2011	9	0
2012	9	0
2013	9	0
2014	9	0
2015	9	0
2016	9	0
2017	9	0
2018	9	0
2019	9	0
2020	9	0
2021	9	0
2022	9	0
1989	8	0
1990	8	0
1991	8	0
1992	8	0
1993	8	0
1994	8	0
1995	8	0
1996	8	0
1997	8	0
1998	8	0
1999	8	0
2000	8	0
2001	8	0
2002	8	0
2003	8	0
2004	8	0
2005	8	0
2006	8	0
2007	8	0
2008	8	0
2009	8	0
2010	8	0
2011	8	0
2012	8	0
2013	8	0
2014	8	0
2015	8	0
2016	8	0
2017	8	0
2018	8	0
2019	8	0
2020	8	0
2021	8	0
2022	8	0
1989	7	0
1990	7	0
1991	7	0
1992	7	0
1993	7	0
1994	7	0
1995	7	0
1996	7	0
1997	7	0
1998	7	0
1999	7	0
2000	7	0
2001	7	0
2002	7	0
2003	7	0
2004	7	0
2005	7	0
2006	7	0
2007	7	0
2008	7	0
2009	7	0
2010	7	0
2011	7	0
2012	7	0
2013	7	0
2014	7	0
2015	7	0
2016	7	0
2017	7	0
2018	7	0
2019	7	0
2020	7	0
2021	7	0
2022	7	0
1989	6	0
1990	6	0
1991	6	0
1992	6	0
1993	6	0
1994	6	0
1995	6	0
1996	6	0
1997	6	0
1998	6	0
1999	6	0
2000	6	0
2001	6	0
2002	6	0
2003	6	0
2004	6	0
2005	6	0
2006	6	0
2007	6	0
2008	6	0
2009	6	0
2010	6	0
2011	6	0
2012	6	0
2013	6	0
2014	6	0
2015	6	0
2016	6	0
2017	6	0
2018	6	0
2019	6	0
2020	6	0
2021	6	0
2022	6	0
1989	5	0
1990	5	0
1991	5	0
1992	5	0
1993	5	0
1994	5	0
1995	5	0
1996	5	0
1997	5	0
1998	5	0
1999	5	0
2000	5	0
2001	5	0
2002	5	0
2003	5	0
2004	5	0
2005	5	0
2006	5	0
2007	5	0
2008	5	0
2009	5	0
2010	5	0
2011	5	0
2012	5	0
2013	5	0
2014	5	0
2015	5	0
2016	5	0
2017	5	0
2018	5	0
2019	5	0
2020	5	0
2021	5	0
2022	5	0
1989	4	0
1990	4	0
1991	4	0
1992	4	0
1993	4	0
1994	4	0
1995	4	0
1996	4	0
1997	4	0
1998	4	0
1999	4	0
2000	4	0
2001	4	0
2002	4	0
2003	4	0
2004	4	0
2005	4	0
2006	4	0
2007	4	0
2008	4	0
2009	4	0
2010	4	0
2011	4	0
2012	4	11
2013	4	0
2014	4	0
2015	4	0
2016	4	0
2017	4	0
2018	4	0
2019	4	0
2020	4	0
2021	4	0
2022	4	0
2012	3	0
1989	3	0
1990	3	0
1991	3	0
1992	3	0
1993	3	0
1994	3	0
1995	3	6
1996	3	0
1997	3	0
1998	3	0
1999	3	0
2000	3	0
2001	3	0
2002	3	0
2003	3	0
2004	3	0
2005	3	0
2006	3	0
2007	3	0
2008	3	0
2009	3	0
2010	3	0
2011	3	0
2013	3	0
2014	3	0
2015	3	0
2016	3	0
2017	3	0
2018	3	0
2019	3	0
2020	3	0
2021	3	0
2022	3	0
1989	2	0
1990	2	0
1991	2	0
1992	2	0
1993	2	0
1994	2	0
1995	2	0
1996	2	0
1997	2	0
1998	2	0
1999	2	0
2000	2	0
2001	2	0
2002	2	0
2003	2	0
2004	2	0
2005	2	0
2006	2	0
2007	2	10
2008	2	0
2009	2	0
2010	2	0
2011	2	0
2012	2	10
2013	2	0
2014	2	11
2015	2	0
2016	2	0
2017	2	0
2018	2	0
2019	2	0
2020	2	0
2021	2	0
2022	2	0
1989	1	8
1990	1	8
1991	1	8
1992	1	0
1993	1	0
1994	1	0
1995	1	0
1996	1	0
1997	1	0
1998	1	8
1999	1	0
2000	1	8
2001	1	0
2002	1	0
2003	1	0
2004	1	0
2005	1	0
2006	1	0
2007	1	0
2008	1	0
2009	1	0
2010	1	0
2011	1	0
2012	1	0
2013	1	0
2014	1	0
2015	1	11
2016	1	0
2017	1	0
2018	1	0
2019	1	0
2020	1	0
2021	1	0
2022	1	0
1989	0	0
1990	0	0
1991	0	0
1992	0	6
1993	0	0
1994	0	14
1995	0	0
1996	0	0
1997	0	0
1998	0	0
1999	0	0
2000	0	8
2001	0	8
2002	0	0
2003	0	0
2004	0	0
2005	0	0
2006	0	0
2007	0	0
2008	0	0
2009	0	0
2010	0	0
2011	0	0
2012	0	0
2013	0	0
2014	0	0
2015	0	0
2016	0	11
2017	0	11
2018	0	11
2019	0	0
2020	0	13
2021	0	0
2022	0	0
